Suite/Test/Step Name,Browser,Description,Tag,Start time,End time,Duration,Status
01-Homepage,Chrome 97.0.4692.71,,,2022-01-24 04:03:29,2022-01-24 04:03:34,5.090s,PASSED
,,,,,,,
Test Cases/Homepage,Chrome 97.0.4692.71,,,2022-01-24 04:03:29,2022-01-24 04:03:34,4.863s,PASSED
"openBrowser(""https://demo.midtrans.com/"")",Chrome 97.0.4692.71,,,2022-01-24 04:03:29,2022-01-24 04:03:32,2.654s,PASSED
"click(findTestObject(""Page_home/menu-right""))",Chrome 97.0.4692.71,,,2022-01-24 04:03:32,2022-01-24 04:03:32,0.559s,PASSED
"click(findTestObject(""Page_home/menu-left""))",Chrome 97.0.4692.71,,,2022-01-24 04:03:32,2022-01-24 04:03:33,0.355s,PASSED
"click(findTestObject(""Page_home/menu-left""))",Chrome 97.0.4692.71,,,2022-01-24 04:03:33,2022-01-24 04:03:33,0.336s,PASSED
closeBrowser(),Chrome 97.0.4692.71,,,2022-01-24 04:03:33,2022-01-24 04:03:34,0.648s,PASSED
