Suite/Test/Step Name,Browser,Description,Tag,Start time,End time,Duration,Status
05-CreditDebit Card,Chrome 97.0.4692.71,,,2022-01-24 05:22:37,2022-01-24 05:23:40,1m - 2.624s,PASSED
,,,,,,,
Test Cases/Cardcancel,Chrome 97.0.4692.71,,,2022-01-24 05:22:38,2022-01-24 05:22:55,16.961s,PASSED
"openBrowser(""https://demo.midtrans.com/"")",Chrome 97.0.4692.71,,,2022-01-24 05:22:38,2022-01-24 05:22:42,3.886s,PASSED
"click(findTestObject(""Page_Cart/a_BUY NOW""))",Chrome 97.0.4692.71,,,2022-01-24 05:22:42,2022-01-24 05:22:43,0.546s,PASSED
"click(findTestObject(""Page_Cart/div_CHECKOUT""))",Chrome 97.0.4692.71,,,2022-01-24 05:22:43,2022-01-24 05:22:43,0.577s,PASSED
"click(findTestObject(""Page_order/a_Continue""))",Chrome 97.0.4692.71,,,2022-01-24 05:22:43,2022-01-24 05:22:48,4.641s,PASSED
"click(findTestObject(""Page CreditCard/div_pay""))",Chrome 97.0.4692.71,,,2022-01-24 05:22:48,2022-01-24 05:22:49,0.699s,PASSED
"setText(findTestObject(""Page CreditCard/inputnumber""), ""4811 1111 1111 1114"")",Chrome 97.0.4692.71,,,2022-01-24 05:22:49,2022-01-24 05:22:50,0.912s,PASSED
"setText(findTestObject(""Page CreditCard/inputdate""), ""01/25"")",Chrome 97.0.4692.71,,,2022-01-24 05:22:50,2022-01-24 05:22:50,0.688s,PASSED
"setText(findTestObject(""Page CreditCard/inputcvv""), ""123"")",Chrome 97.0.4692.71,,,2022-01-24 05:22:50,2022-01-24 05:22:51,0.678s,PASSED
"click(findTestObject(""Page CreditCard/a_Pay Now""))",Chrome 97.0.4692.71,,,2022-01-24 05:22:51,2022-01-24 05:22:52,0.603s,PASSED
"click(findTestObject(""Page CreditCard/buttoncancel""))",Chrome 97.0.4692.71,,,2022-01-24 05:22:52,2022-01-24 05:22:54,2.575s,PASSED
"click(findTestObject(""Page CreditCard/anotherpay""))",Chrome 97.0.4692.71,,,2022-01-24 05:22:54,2022-01-24 05:22:55,0.618s,PASSED
,,,,,,,
Test Cases/Cardfail,Chrome 97.0.4692.71,,,2022-01-24 05:22:55,2022-01-24 05:23:10,15.586s,PASSED
"openBrowser(""https://demo.midtrans.com/"")",Chrome 97.0.4692.71,,,2022-01-24 05:22:55,2022-01-24 05:22:58,2.785s,PASSED
"click(findTestObject(""Page_Cart/a_BUY NOW""))",Chrome 97.0.4692.71,,,2022-01-24 05:22:58,2022-01-24 05:22:58,0.584s,PASSED
"click(findTestObject(""Page_Cart/div_CHECKOUT""))",Chrome 97.0.4692.71,,,2022-01-24 05:22:58,2022-01-24 05:22:59,0.564s,PASSED
"click(findTestObject(""Page_order/a_Continue""))",Chrome 97.0.4692.71,,,2022-01-24 05:22:59,2022-01-24 05:23:04,4.547s,PASSED
"click(findTestObject(""Page CreditCard/creditcard""))",Chrome 97.0.4692.71,,,2022-01-24 05:23:04,2022-01-24 05:23:04,0.661s,PASSED
"setText(findTestObject(""Page CreditCard/inputnumber""), ""4911 1111 1111 1113"")",Chrome 97.0.4692.71,,,2022-01-24 05:23:04,2022-01-24 05:23:05,0.825s,PASSED
"setText(findTestObject(""Page CreditCard/inputdate""), ""01/25"")",Chrome 97.0.4692.71,,,2022-01-24 05:23:05,2022-01-24 05:23:06,0.645s,PASSED
"setText(findTestObject(""Page CreditCard/inputcvv""), ""123"")",Chrome 97.0.4692.71,,,2022-01-24 05:23:06,2022-01-24 05:23:06,0.684s,PASSED
"click(findTestObject(""Page CreditCard/a_Pay Now""))",Chrome 97.0.4692.71,,,2022-01-24 05:23:06,2022-01-24 05:23:07,0.561s,PASSED
"setEncryptedText(findTestObject(""Page CreditCard/inputpass""), ""4tAN/DuJV7Y="")",Chrome 97.0.4692.71,,,2022-01-24 05:23:07,2022-01-24 05:23:09,1.817s,PASSED
"click(findTestObject(""Page CreditCard/buttonok""))",Chrome 97.0.4692.71,,,2022-01-24 05:23:09,2022-01-24 05:23:10,1.577s,PASSED
,,,,,,,
Test Cases/Cardnotpromo,Chrome 97.0.4692.71,,,2022-01-24 05:23:10,2022-01-24 05:23:25,14.610s,PASSED
"openBrowser(""https://demo.midtrans.com/"")",Chrome 97.0.4692.71,,,2022-01-24 05:23:11,2022-01-24 05:23:14,2.815s,PASSED
"click(findTestObject(""Page_Cart/a_BUY NOW""))",Chrome 97.0.4692.71,,,2022-01-24 05:23:14,2022-01-24 05:23:14,0.606s,PASSED
"click(findTestObject(""Page_Cart/div_CHECKOUT""))",Chrome 97.0.4692.71,,,2022-01-24 05:23:14,2022-01-24 05:23:15,0.638s,PASSED
"click(findTestObject(""Page_order/a_Continue""))",Chrome 97.0.4692.71,,,2022-01-24 05:23:15,2022-01-24 05:23:19,4.230s,PASSED
delay(1),Chrome 97.0.4692.71,,,2022-01-24 05:23:19,2022-01-24 05:23:20,1.043s,PASSED
"click(findTestObject(""Page CreditCard/creditcard""))",Chrome 97.0.4692.71,,,2022-01-24 05:23:20,2022-01-24 05:23:21,0.662s,PASSED
delay(1),Chrome 97.0.4692.71,,,2022-01-24 05:23:21,2022-01-24 05:23:22,1.002s,PASSED
"setText(findTestObject(""Page CreditCard/inputnumber""), ""4811 1111 1111 1114"")",Chrome 97.0.4692.71,,,2022-01-24 05:23:22,2022-01-24 05:23:23,0.804s,PASSED
"setText(findTestObject(""Page CreditCard/inputdate""), ""01/25"")",Chrome 97.0.4692.71,,,2022-01-24 05:23:23,2022-01-24 05:23:23,0.677s,PASSED
"setText(findTestObject(""Page CreditCard/inputcvv""), ""123"")",Chrome 97.0.4692.71,,,2022-01-24 05:23:23,2022-01-24 05:23:24,0.622s,PASSED
"click(findTestObject(""Page CreditCard/promomidtrans""))",Chrome 97.0.4692.71,,,2022-01-24 05:23:24,2022-01-24 05:23:24,0.539s,PASSED
"click(findTestObject(""Page CreditCard/a_Pay Now""))",Chrome 97.0.4692.71,,,2022-01-24 05:23:24,2022-01-24 05:23:25,0.580s,PASSED
,,,,,,,
Test Cases/Carddone,Chrome 97.0.4692.71,,,2022-01-24 05:23:25,2022-01-24 05:23:40,15.063s,PASSED
"openBrowser(""https://demo.midtrans.com/"")",Chrome 97.0.4692.71,,,2022-01-24 05:23:25,2022-01-24 05:23:28,2.678s,PASSED
"click(findTestObject(""Page_Cart/a_BUY NOW""))",Chrome 97.0.4692.71,,,2022-01-24 05:23:28,2022-01-24 05:23:29,0.590s,PASSED
"click(findTestObject(""Page_Cart/div_CHECKOUT""))",Chrome 97.0.4692.71,,,2022-01-24 05:23:29,2022-01-24 05:23:29,0.561s,PASSED
"click(findTestObject(""Page_order/a_Continue""))",Chrome 97.0.4692.71,,,2022-01-24 05:23:29,2022-01-24 05:23:33,4.180s,PASSED
"click(findTestObject(""Page CreditCard/div_pay""))",Chrome 97.0.4692.71,,,2022-01-24 05:23:33,2022-01-24 05:23:34,0.651s,PASSED
"setText(findTestObject(""Page CreditCard/inputnumber""), ""4811 1111 1111 1114"")",Chrome 97.0.4692.71,,,2022-01-24 05:23:34,2022-01-24 05:23:35,0.796s,PASSED
"setText(findTestObject(""Page CreditCard/inputdate""), ""01/25"")",Chrome 97.0.4692.71,,,2022-01-24 05:23:35,2022-01-24 05:23:36,0.651s,PASSED
"setText(findTestObject(""Page CreditCard/inputcvv""), ""123"")",Chrome 97.0.4692.71,,,2022-01-24 05:23:36,2022-01-24 05:23:36,0.650s,PASSED
"click(findTestObject(""Page CreditCard/a_Pay Now""))",Chrome 97.0.4692.71,,,2022-01-24 05:23:36,2022-01-24 05:23:37,0.567s,PASSED
"setEncryptedText(findTestObject(""Page CreditCard/inputpass""), ""4tAN/DuJV7Y="")",Chrome 97.0.4692.71,,,2022-01-24 05:23:37,2022-01-24 05:23:39,1.940s,PASSED
"click(findTestObject(""Page CreditCard/buttonok""))",Chrome 97.0.4692.71,,,2022-01-24 05:23:39,2022-01-24 05:23:40,1.396s,PASSED
