Suite/Test/Step Name,Browser,Description,Tag,Start time,End time,Duration,Status
06-Paymentpage,Chrome 97.0.4692.71,,,2022-01-24 14:12:46,2022-01-24 14:13:31,45.850s,PASSED
,,,,,,,
Test Cases/Paymentpage,Chrome 97.0.4692.71,,,2022-01-24 14:12:46,2022-01-24 14:12:59,13.308s,PASSED
"openBrowser(""https://demo.midtrans.com/"")",Chrome 97.0.4692.71,,,2022-01-24 14:12:47,2022-01-24 14:12:50,3.684s,PASSED
"click(findTestObject(""Page_Cart/a_BUY NOW""))",Chrome 97.0.4692.71,,,2022-01-24 14:12:50,2022-01-24 14:12:51,0.692s,PASSED
"click(findTestObject(""Page_Cart/div_CHECKOUT""))",Chrome 97.0.4692.71,,,2022-01-24 14:12:51,2022-01-24 14:12:52,0.545s,PASSED
"click(findTestObject(""Page_order/a_Continue""))",Chrome 97.0.4692.71,,,2022-01-24 14:12:52,2022-01-24 14:12:56,4.483s,PASSED
delay(1),Chrome 97.0.4692.71,,,2022-01-24 14:12:56,2022-01-24 14:12:57,1.049s,PASSED
"click(findTestObject(""Page CreditCard/creditcard""))",Chrome 97.0.4692.71,,,2022-01-24 14:12:57,2022-01-24 14:12:58,0.660s,PASSED
delay(1),Chrome 97.0.4692.71,,,2022-01-24 14:12:58,2022-01-24 14:12:59,1.017s,PASSED
"click(findTestObject(""Page CreditCard/testback""))",Chrome 97.0.4692.71,,,2022-01-24 14:12:59,2022-01-24 14:12:59,0.588s,PASSED
,,,,,,,
Test Cases/Cardnuminvalid,Chrome 97.0.4692.71,,,2022-01-24 14:12:59,2022-01-24 14:13:15,15.499s,PASSED
"openBrowser(""https://demo.midtrans.com/"")",Chrome 97.0.4692.71,,,2022-01-24 14:13:00,2022-01-24 14:13:03,2.950s,PASSED
"click(findTestObject(""Page_Cart/a_BUY NOW""))",Chrome 97.0.4692.71,,,2022-01-24 14:13:03,2022-01-24 14:13:03,0.663s,PASSED
"click(findTestObject(""Page_Cart/div_CHECKOUT""))",Chrome 97.0.4692.71,,,2022-01-24 14:13:03,2022-01-24 14:13:04,0.649s,PASSED
"click(findTestObject(""Page_order/a_Continue""))",Chrome 97.0.4692.71,,,2022-01-24 14:13:04,2022-01-24 14:13:11,7.220s,PASSED
"click(findTestObject(""Page CreditCard/creditcard""))",Chrome 97.0.4692.71,,,2022-01-24 14:13:11,2022-01-24 14:13:12,0.654s,PASSED
"setText(findTestObject(""Page CreditCard/inputnumber""), ""4911 1111 1111 1114"")",Chrome 97.0.4692.71,,,2022-01-24 14:13:12,2022-01-24 14:13:13,0.911s,PASSED
"setText(findTestObject(""Page CreditCard/inputdate""), ""01/25"")",Chrome 97.0.4692.71,,,2022-01-24 14:13:13,2022-01-24 14:13:14,0.682s,PASSED
"setText(findTestObject(""Page CreditCard/inputcvv""), ""123"")",Chrome 97.0.4692.71,,,2022-01-24 14:13:14,2022-01-24 14:13:14,0.671s,PASSED
"click(findTestObject(""Page CreditCard/a_Pay Now""))",Chrome 97.0.4692.71,,,2022-01-24 14:13:14,2022-01-24 14:13:15,0.644s,PASSED
,,,,,,,
Test Cases/Passbankinvalid,Chrome 97.0.4692.71,,,2022-01-24 14:13:15,2022-01-24 14:13:31,16.654s,PASSED
"openBrowser(""https://demo.midtrans.com/"")",Chrome 97.0.4692.71,,,2022-01-24 14:13:15,2022-01-24 14:13:18,2.794s,PASSED
"click(findTestObject(""Page_Cart/a_BUY NOW""))",Chrome 97.0.4692.71,,,2022-01-24 14:13:18,2022-01-24 14:13:19,0.627s,PASSED
"click(findTestObject(""Page_Cart/div_CHECKOUT""))",Chrome 97.0.4692.71,,,2022-01-24 14:13:19,2022-01-24 14:13:19,0.557s,PASSED
"click(findTestObject(""Page_order/a_Continue""))",Chrome 97.0.4692.71,,,2022-01-24 14:13:19,2022-01-24 14:13:24,4.351s,PASSED
"click(findTestObject(""Page CreditCard/creditcard""))",Chrome 97.0.4692.71,,,2022-01-24 14:13:24,2022-01-24 14:13:24,0.677s,PASSED
"setText(findTestObject(""Page CreditCard/inputnumber""), ""4811 1111 1111 1114"")",Chrome 97.0.4692.71,,,2022-01-24 14:13:24,2022-01-24 14:13:25,0.824s,PASSED
"setText(findTestObject(""Page CreditCard/inputdate""), ""01/25"")",Chrome 97.0.4692.71,,,2022-01-24 14:13:25,2022-01-24 14:13:26,0.641s,PASSED
"setText(findTestObject(""Page CreditCard/inputcvv""), ""123"")",Chrome 97.0.4692.71,,,2022-01-24 14:13:26,2022-01-24 14:13:26,0.655s,PASSED
"click(findTestObject(""Page CreditCard/a_Pay Now""))",Chrome 97.0.4692.71,,,2022-01-24 14:13:26,2022-01-24 14:13:27,0.586s,PASSED
"setEncryptedText(findTestObject(""Page CreditCard/inputpass""), ""YVK4Fb0hJqE="")",Chrome 97.0.4692.71,,,2022-01-24 14:13:27,2022-01-24 14:13:30,3.029s,PASSED
"click(findTestObject(""Page CreditCard/buttonok""))",Chrome 97.0.4692.71,,,2022-01-24 14:13:30,2022-01-24 14:13:31,1.420s,PASSED
