Suite/Test/Step Name,Browser,Description,Tag,Start time,End time,Duration,Status
02-Shopping Cart,Chrome 97.0.4692.71,,,2022-01-24 04:15:43,2022-01-24 04:16:14,30.214s,PASSED
,,,,,,,
Test Cases/Cartcancel,Chrome 97.0.4692.71,,,2022-01-24 04:15:44,2022-01-24 04:15:50,5.968s,PASSED
"openBrowser(""https://demo.midtrans.com/"")",Chrome 97.0.4692.71,,,2022-01-24 04:15:44,2022-01-24 04:15:48,3.546s,PASSED
"click(findTestObject(""Page_Cart/a_BUY NOW""))",Chrome 97.0.4692.71,,,2022-01-24 04:15:48,2022-01-24 04:15:48,0.671s,PASSED
"click(findTestObject(""Page_Cart/div_CANCEL""))",Chrome 97.0.4692.71,,,2022-01-24 04:15:48,2022-01-24 04:15:49,0.523s,PASSED
closeBrowser(),Chrome 97.0.4692.71,,,2022-01-24 04:15:49,2022-01-24 04:15:50,0.738s,PASSED
,,,,,,,
Test Cases/Cartcheckout,Chrome 97.0.4692.71,,,2022-01-24 04:15:50,2022-01-24 04:16:01,11.516s,PASSED
"openBrowser(""https://demo.midtrans.com/"")",Chrome 97.0.4692.71,,,2022-01-24 04:15:50,2022-01-24 04:15:52,2.255s,PASSED
"click(findTestObject(""Page_Cart/a_BUY NOW""))",Chrome 97.0.4692.71,,,2022-01-24 04:15:52,2022-01-24 04:15:53,0.673s,PASSED
"setText(findTestObject(""Page_Cart/textpillow""), ""5000"")",Chrome 97.0.4692.71,,,2022-01-24 04:15:53,2022-01-24 04:15:54,1.064s,PASSED
"setText(findTestObject(""Page_Cart/textbox""), ""Indah"")",Chrome 97.0.4692.71,,,2022-01-24 04:15:54,2022-01-24 04:15:55,0.886s,PASSED
"setText(findTestObject(""Page_Cart/textboxemail""), ""indah@gmail.com"")",Chrome 97.0.4692.71,,,2022-01-24 04:15:55,2022-01-24 04:15:56,0.797s,PASSED
"setText(findTestObject(""Page_Cart/textbox""), ""08567403403"")",Chrome 97.0.4692.71,,,2022-01-24 04:15:56,2022-01-24 04:15:57,0.919s,PASSED
"setText(findTestObject(""Page_Cart/textbox""), ""Malang"")",Chrome 97.0.4692.71,,,2022-01-24 04:15:57,2022-01-24 04:15:57,0.757s,PASSED
"setText(findTestObject(""Page_Cart/textarea_address""), ""Jl. Patimura"")",Chrome 97.0.4692.71,,,2022-01-24 04:15:57,2022-01-24 04:15:58,0.816s,PASSED
"setText(findTestObject(""Page_Cart/textbox""), ""1430"")",Chrome 97.0.4692.71,,,2022-01-24 04:15:58,2022-01-24 04:15:59,0.724s,PASSED
"click(findTestObject(""Page_Cart/div_CHECKOUT""))",Chrome 97.0.4692.71,,,2022-01-24 04:15:59,2022-01-24 04:15:59,0.425s,PASSED
delay(1),Chrome 97.0.4692.71,,,2022-01-24 04:15:59,2022-01-24 04:16:00,1.057s,PASSED
closeBrowser(),Chrome 97.0.4692.71,,,2022-01-24 04:16:00,2022-01-24 04:16:01,0.760s,PASSED
,,,,,,,
Test Cases/Carterror,Chrome 97.0.4692.71,,,2022-01-24 04:16:01,2022-01-24 04:16:14,12.378s,PASSED
"openBrowser(""https://demo.midtrans.com/"")",Chrome 97.0.4692.71,,,2022-01-24 04:16:02,2022-01-24 04:16:04,2.303s,PASSED
"click(findTestObject(""Page_Cart/a_BUY NOW""))",Chrome 97.0.4692.71,,,2022-01-24 04:16:04,2022-01-24 04:16:04,0.581s,PASSED
"setText(findTestObject(""Page_Cart/textpillow""), ""10"")",Chrome 97.0.4692.71,,,2022-01-24 04:16:04,2022-01-24 04:16:05,0.945s,PASSED
"setText(findTestObject(""Page_Cart/textbox""), ""jay"")",Chrome 97.0.4692.71,,,2022-01-24 04:16:05,2022-01-24 04:16:06,0.918s,PASSED
"setText(findTestObject(""Page_Cart/textboxemail""), ""yay"")",Chrome 97.0.4692.71,,,2022-01-24 04:16:06,2022-01-24 04:16:07,1.138s,PASSED
"setText(findTestObject(""Page_Cart/textbox""), ""021"")",Chrome 97.0.4692.71,,,2022-01-24 04:16:07,2022-01-24 04:16:08,0.863s,PASSED
"setText(findTestObject(""Page_Cart/textbox""), ""bandung"")",Chrome 97.0.4692.71,,,2022-01-24 04:16:08,2022-01-24 04:16:09,0.761s,PASSED
"setText(findTestObject(""Page_Cart/textarea_address""), ""jl jalan"")",Chrome 97.0.4692.71,,,2022-01-24 04:16:09,2022-01-24 04:16:10,0.777s,PASSED
"setText(findTestObject(""Page_Cart/textbox""), ""2210"")",Chrome 97.0.4692.71,,,2022-01-24 04:16:10,2022-01-24 04:16:11,0.704s,PASSED
"click(findTestObject(""Page_Cart/div_CHECKOUT""))",Chrome 97.0.4692.71,,,2022-01-24 04:16:11,2022-01-24 04:16:11,0.425s,PASSED
"click(findTestObject(""Page_Cart/formerror""), STOP_ON_FAILURE)",Chrome 97.0.4692.71,,,2022-01-24 04:16:11,2022-01-24 04:16:12,0.786s,PASSED
delay(1),Chrome 97.0.4692.71,,,2022-01-24 04:16:12,2022-01-24 04:16:13,1.020s,PASSED
closeBrowser(),Chrome 97.0.4692.71,,,2022-01-24 04:16:13,2022-01-24 04:16:14,0.752s,PASSED
