Suite/Test/Step Name,Browser,Description,Tag,Start time,End time,Duration,Status
02-Shopping Cart,Chrome 97.0.4692.71,,,2022-01-24 04:14:52,2022-01-24 04:15:21,28.909s,FAILED
,,,,,,,
Test Cases/Cartcancel,Chrome 97.0.4692.71,,,2022-01-24 04:14:53,2022-01-24 04:14:59,6.376s,PASSED
"openBrowser(""https://demo.midtrans.com/"")",Chrome 97.0.4692.71,,,2022-01-24 04:14:53,2022-01-24 04:14:57,3.772s,PASSED
"click(findTestObject(""Page_Cart/a_BUY NOW""))",Chrome 97.0.4692.71,,,2022-01-24 04:14:57,2022-01-24 04:14:58,0.669s,PASSED
"click(findTestObject(""Page_Cart/div_CANCEL""))",Chrome 97.0.4692.71,,,2022-01-24 04:14:58,2022-01-24 04:14:58,0.580s,PASSED
closeBrowser(),Chrome 97.0.4692.71,,,2022-01-24 04:14:58,2022-01-24 04:14:59,0.799s,PASSED
,,,,,,,
Test Cases/Cartcheckout,Chrome 97.0.4692.71,,,2022-01-24 04:14:59,2022-01-24 04:15:10,11.215s,PASSED
"openBrowser(""https://demo.midtrans.com/"")",Chrome 97.0.4692.71,,,2022-01-24 04:14:59,2022-01-24 04:15:02,2.100s,PASSED
"click(findTestObject(""Page_Cart/a_BUY NOW""))",Chrome 97.0.4692.71,,,2022-01-24 04:15:02,2022-01-24 04:15:02,0.596s,PASSED
"setText(findTestObject(""Page_Cart/textpillow""), ""5000"")",Chrome 97.0.4692.71,,,2022-01-24 04:15:02,2022-01-24 04:15:03,0.985s,PASSED
"setText(findTestObject(""Page_Cart/textbox""), ""Indah"")",Chrome 97.0.4692.71,,,2022-01-24 04:15:03,2022-01-24 04:15:04,0.879s,PASSED
"setText(findTestObject(""Page_Cart/textboxemail""), ""indah@gmail.com"")",Chrome 97.0.4692.71,,,2022-01-24 04:15:04,2022-01-24 04:15:05,0.771s,PASSED
"setText(findTestObject(""Page_Cart/textbox""), ""08567403403"")",Chrome 97.0.4692.71,,,2022-01-24 04:15:05,2022-01-24 04:15:06,0.808s,PASSED
"setText(findTestObject(""Page_Cart/textbox""), ""Malang"")",Chrome 97.0.4692.71,,,2022-01-24 04:15:06,2022-01-24 04:15:07,0.885s,PASSED
"setText(findTestObject(""Page_Cart/textarea_address""), ""Jl. Patimura"")",Chrome 97.0.4692.71,,,2022-01-24 04:15:07,2022-01-24 04:15:07,0.846s,PASSED
"setText(findTestObject(""Page_Cart/textbox""), ""1430"")",Chrome 97.0.4692.71,,,2022-01-24 04:15:07,2022-01-24 04:15:08,0.730s,PASSED
"click(findTestObject(""Page_Cart/div_CHECKOUT""))",Chrome 97.0.4692.71,,,2022-01-24 04:15:08,2022-01-24 04:15:09,0.429s,PASSED
delay(1),Chrome 97.0.4692.71,,,2022-01-24 04:15:09,2022-01-24 04:15:10,1.056s,PASSED
closeBrowser(),Chrome 97.0.4692.71,,,2022-01-24 04:15:10,2022-01-24 04:15:10,0.754s,PASSED
,,,,,,,
Test Cases/Carterror,Chrome 97.0.4692.71,,,2022-01-24 04:15:10,2022-01-24 04:15:21,10.933s,FAILED
"openBrowser(""https://demo.midtrans.com/"")",Chrome 97.0.4692.71,,,2022-01-24 04:15:11,2022-01-24 04:15:13,2.118s,PASSED
"click(findTestObject(""Page_Cart/a_BUY NOW""))",Chrome 97.0.4692.71,,,2022-01-24 04:15:13,2022-01-24 04:15:14,0.709s,PASSED
"setText(findTestObject(""Page_Cart/textpillow""), ""10"")",Chrome 97.0.4692.71,,,2022-01-24 04:15:14,2022-01-24 04:15:14,0.948s,PASSED
"setText(findTestObject(""Page_Cart/textbox""), ""jay"")",Chrome 97.0.4692.71,,,2022-01-24 04:15:14,2022-01-24 04:15:15,0.915s,PASSED
"setText(findTestObject(""Page_Cart/textboxemail""), ""yay"")",Chrome 97.0.4692.71,,,2022-01-24 04:15:15,2022-01-24 04:15:16,0.768s,PASSED
"setText(findTestObject(""Page_Cart/textbox""), ""021"")",Chrome 97.0.4692.71,,,2022-01-24 04:15:16,2022-01-24 04:15:17,0.702s,PASSED
"setText(findTestObject(""Page_Cart/textbox""), ""bandung"")",Chrome 97.0.4692.71,,,2022-01-24 04:15:17,2022-01-24 04:15:18,0.975s,PASSED
"setText(findTestObject(""Page_Cart/textarea_address""), ""jl jalan"")",Chrome 97.0.4692.71,,,2022-01-24 04:15:18,2022-01-24 04:15:19,0.756s,PASSED
"setText(findTestObject(""Page_Cart/textbox""), ""2210"")",Chrome 97.0.4692.71,,,2022-01-24 04:15:19,2022-01-24 04:15:19,0.711s,PASSED
"click(findTestObject(""Page_Cart/div_CHECKOUT""))",Chrome 97.0.4692.71,,,2022-01-24 04:15:19,2022-01-24 04:15:20,0.413s,PASSED
"click(findTestObject(""Page_Cart/formerror""), STOP_ON_FAILURE)",Chrome 97.0.4692.71,,,2022-01-24 04:15:20,2022-01-24 04:15:21,1.568s,FAILED
