Suite/Test/Step Name,Browser,Description,Tag,Start time,End time,Duration,Status
03-Settingpage,Chrome 97.0.4692.71,,,2022-01-24 05:14:05,2022-01-24 05:14:17,12.709s,FAILED
,,,,,,,
Test Cases/Setting1,Chrome 97.0.4692.71,,,2022-01-24 05:14:05,2022-01-24 05:14:14,9.418s,PASSED
"openBrowser(""https://demo.midtrans.com/"")",Chrome 97.0.4692.71,,,2022-01-24 05:14:05,2022-01-24 05:14:09,3.737s,PASSED
"click(findTestObject(""Page_Cart/a_BUY NOW""))",Chrome 97.0.4692.71,,,2022-01-24 05:14:09,2022-01-24 05:14:10,0.583s,PASSED
"click(findTestObject(""Page_Cart/div_SETT""))",Chrome 97.0.4692.71,,,2022-01-24 05:14:10,2022-01-24 05:14:10,0.622s,PASSED
"click(findTestObject(""Page_Setting/detail""))",Chrome 97.0.4692.71,,,2022-01-24 05:14:10,2022-01-24 05:14:11,0.591s,PASSED
delay(2),Chrome 97.0.4692.71,,,2022-01-24 05:14:11,2022-01-24 05:14:13,2.056s,PASSED
"click(findTestObject(""Page_Setting/ceksettdirec""))",Chrome 97.0.4692.71,,,2022-01-24 05:14:13,2022-01-24 05:14:14,0.420s,PASSED
"click(findTestObject(""Page_Setting/ceksettpopup""))",Chrome 97.0.4692.71,,,2022-01-24 05:14:14,2022-01-24 05:14:14,0.435s,PASSED
"click(findTestObject(""Page_Setting/button cancle""))",Chrome 97.0.4692.71,,,2022-01-24 05:14:14,2022-01-24 05:14:14,0.413s,PASSED
,,,,,,,
Test Cases/Setting2,Chrome 97.0.4692.71,,,2022-01-24 05:14:14,2022-01-24 05:14:17,2.909s,FAILED
"openBrowser(""https://demo.midtrans.com/"")",Chrome 97.0.4692.71,,,2022-01-24 05:14:15,2022-01-24 05:14:17,2.506s,FAILED
