Suite/Test/Step Name,Browser,Description,Tag,Start time,End time,Duration,Status
03-Settingpage,Chrome 97.0.4692.71,,,2022-01-24 05:15:15,2022-01-24 05:15:38,23.117s,PASSED
,,,,,,,
Test Cases/Setting1,Chrome 97.0.4692.71,,,2022-01-24 05:15:15,2022-01-24 05:15:24,9.282s,PASSED
"openBrowser(""https://demo.midtrans.com/"")",Chrome 97.0.4692.71,,,2022-01-24 05:15:15,2022-01-24 05:15:19,3.510s,PASSED
"click(findTestObject(""Page_Cart/a_BUY NOW""))",Chrome 97.0.4692.71,,,2022-01-24 05:15:19,2022-01-24 05:15:20,0.696s,PASSED
"click(findTestObject(""Page_Cart/div_SETT""))",Chrome 97.0.4692.71,,,2022-01-24 05:15:20,2022-01-24 05:15:20,0.540s,PASSED
"click(findTestObject(""Page_Setting/detail""))",Chrome 97.0.4692.71,,,2022-01-24 05:15:20,2022-01-24 05:15:21,0.489s,PASSED
delay(2),Chrome 97.0.4692.71,,,2022-01-24 05:15:21,2022-01-24 05:15:23,2.052s,PASSED
"click(findTestObject(""Page_Setting/ceksettdirec""))",Chrome 97.0.4692.71,,,2022-01-24 05:15:23,2022-01-24 05:15:23,0.595s,PASSED
"click(findTestObject(""Page_Setting/ceksettpopup""))",Chrome 97.0.4692.71,,,2022-01-24 05:15:23,2022-01-24 05:15:24,0.404s,PASSED
"click(findTestObject(""Page_Setting/button cancle""))",Chrome 97.0.4692.71,,,2022-01-24 05:15:24,2022-01-24 05:15:24,0.444s,PASSED
,,,,,,,
Test Cases/Setting2,Chrome 97.0.4692.71,,,2022-01-24 05:15:24,2022-01-24 05:15:38,13.469s,PASSED
"openBrowser(""https://demo.midtrans.com/"")",Chrome 97.0.4692.71,,,2022-01-24 05:15:25,2022-01-24 05:15:27,2.864s,PASSED
"click(findTestObject(""Page_Cart/a_BUY NOW""))",Chrome 97.0.4692.71,,,2022-01-24 05:15:27,2022-01-24 05:15:28,0.626s,PASSED
for (def index : (1..1)),Chrome 97.0.4692.71,,,2022-01-24 05:15:28,2022-01-24 05:15:37,8.810s,PASSED
closeBrowser(),Chrome 97.0.4692.71,,,2022-01-24 05:15:37,2022-01-24 05:15:38,0.738s,PASSED
