Suite/Test/Step Name,Browser,Description,Tag,Start time,End time,Duration,Status
04-Detail Order,Chrome 97.0.4692.71,,,2022-01-24 05:19:49,2022-01-24 05:20:14,25.460s,PASSED
,,,,,,,
Test Cases/Orderpage,Chrome 97.0.4692.71,,,2022-01-24 05:19:49,2022-01-24 05:20:06,16.314s,PASSED
"openBrowser(""https://demo.midtrans.com/"")",Chrome 97.0.4692.71,,,2022-01-24 05:19:50,2022-01-24 05:19:54,3.714s,PASSED
"click(findTestObject(""Page_Cart/a_BUY NOW""))",Chrome 97.0.4692.71,,,2022-01-24 05:19:54,2022-01-24 05:19:54,0.643s,PASSED
"click(findTestObject(""Page_Cart/div_CHECKOUT""))",Chrome 97.0.4692.71,,,2022-01-24 05:19:54,2022-01-24 05:19:55,0.611s,PASSED
"click(findTestObject(""Page_order/detailship""))",Chrome 97.0.4692.71,,,2022-01-24 05:19:55,2022-01-24 05:19:59,4.141s,PASSED
delay(1),Chrome 97.0.4692.71,,,2022-01-24 05:19:59,2022-01-24 05:20:00,1.033s,PASSED
"click(findTestObject(""Page_order/detailorder""))",Chrome 97.0.4692.71,,,2022-01-24 05:20:00,2022-01-24 05:20:01,0.653s,PASSED
delay(1),Chrome 97.0.4692.71,,,2022-01-24 05:20:01,2022-01-24 05:20:02,1.015s,PASSED
"click(findTestObject(""Page_order/a_Continue""))",Chrome 97.0.4692.71,,,2022-01-24 05:20:02,2022-01-24 05:20:02,0.668s,PASSED
delay(1),Chrome 97.0.4692.71,,,2022-01-24 05:20:02,2022-01-24 05:20:03,1.009s,PASSED
"click(findTestObject(""Page_payment/iframe_pay""))",Chrome 97.0.4692.71,,,2022-01-24 05:20:03,2022-01-24 05:20:04,0.655s,PASSED
delay(1),Chrome 97.0.4692.71,,,2022-01-24 05:20:04,2022-01-24 05:20:05,1.011s,PASSED
"click(findTestObject(""Page_payment/iframe back""))",Chrome 97.0.4692.71,,,2022-01-24 05:20:05,2022-01-24 05:20:06,0.615s,PASSED
,,,,,,,
Test Cases/Orderclose,Chrome 97.0.4692.71,,,2022-01-24 05:20:06,2022-01-24 05:20:14,8.743s,PASSED
"openBrowser(""https://demo.midtrans.com/"")",Chrome 97.0.4692.71,,,2022-01-24 05:20:06,2022-01-24 05:20:09,2.861s,PASSED
"click(findTestObject(""Page_Cart/a_BUY NOW""))",Chrome 97.0.4692.71,,,2022-01-24 05:20:09,2022-01-24 05:20:10,0.615s,PASSED
"click(findTestObject(""Page_Cart/div_CHECKOUT""))",Chrome 97.0.4692.71,,,2022-01-24 05:20:10,2022-01-24 05:20:10,0.596s,PASSED
"click(findTestObject(""Page_order/iframe close""))",Chrome 97.0.4692.71,,,2022-01-24 05:20:10,2022-01-24 05:20:14,4.161s,PASSED
