Suite/Test/Step Name,Browser,Description,Tag,Start time,End time,Duration,Status
03-Settingpage,Chrome 97.0.4692.71,,,2022-01-24 05:12:21,2022-01-24 05:12:29,7.150s,FAILED
,,,,,,,
Test Cases/Setting1,Chrome 97.0.4692.71,,,2022-01-24 05:12:22,2022-01-24 05:12:26,3.893s,FAILED
"openBrowser(""https://demo.midtrans.com/"")",Chrome 97.0.4692.71,,,2022-01-24 05:12:22,2022-01-24 05:12:26,3.353s,FAILED
,,,,,,,
Test Cases/Setting2,Chrome 97.0.4692.71,,,2022-01-24 05:12:26,2022-01-24 05:12:29,2.890s,FAILED
"openBrowser(""https://demo.midtrans.com/"")",Chrome 97.0.4692.71,,,2022-01-24 05:12:26,2022-01-24 05:12:28,2.514s,FAILED
