Suite/Test/Step Name,Browser,Description,Tag,Start time,End time,Duration,Status
06-Paymentpage,Chrome 97.0.4692.71,,,2022-01-24 05:30:47,2022-01-24 05:31:00,13.416s,PASSED
,,,,,,,
Test Cases/Paymentpage,Chrome 97.0.4692.71,,,2022-01-24 05:30:47,2022-01-24 05:31:00,13.070s,PASSED
"openBrowser(""https://demo.midtrans.com/"")",Chrome 97.0.4692.71,,,2022-01-24 05:30:48,2022-01-24 05:30:52,3.662s,PASSED
"click(findTestObject(""Page_Cart/a_BUY NOW""))",Chrome 97.0.4692.71,,,2022-01-24 05:30:52,2022-01-24 05:30:52,0.656s,PASSED
"click(findTestObject(""Page_Cart/div_CHECKOUT""))",Chrome 97.0.4692.71,,,2022-01-24 05:30:52,2022-01-24 05:30:53,0.575s,PASSED
"click(findTestObject(""Page_order/a_Continue""))",Chrome 97.0.4692.71,,,2022-01-24 05:30:53,2022-01-24 05:30:57,4.268s,PASSED
delay(1),Chrome 97.0.4692.71,,,2022-01-24 05:30:57,2022-01-24 05:30:58,1.032s,PASSED
"click(findTestObject(""Page CreditCard/creditcard""))",Chrome 97.0.4692.71,,,2022-01-24 05:30:58,2022-01-24 05:30:59,0.662s,PASSED
delay(1),Chrome 97.0.4692.71,,,2022-01-24 05:30:59,2022-01-24 05:31:00,1.002s,PASSED
"click(findTestObject(""Page CreditCard/testback""))",Chrome 97.0.4692.71,,,2022-01-24 05:31:00,2022-01-24 05:31:00,0.658s,PASSED
