Suite/Test/Step Name,Browser,Description,Tag,Start time,End time,Duration,Status
06-Paymentpage,Chrome 97.0.4692.71,,,2022-01-24 12:10:14,2022-01-24 12:10:27,13.533s,PASSED
,,,,,,,
Test Cases/Paymentpage,Chrome 97.0.4692.71,,,2022-01-24 12:10:14,2022-01-24 12:10:27,13.143s,PASSED
"openBrowser(""https://demo.midtrans.com/"")",Chrome 97.0.4692.71,,,2022-01-24 12:10:15,2022-01-24 12:10:18,3.673s,PASSED
"click(findTestObject(""Page_Cart/a_BUY NOW""))",Chrome 97.0.4692.71,,,2022-01-24 12:10:18,2022-01-24 12:10:19,0.714s,PASSED
"click(findTestObject(""Page_Cart/div_CHECKOUT""))",Chrome 97.0.4692.71,,,2022-01-24 12:10:19,2022-01-24 12:10:20,0.529s,PASSED
"click(findTestObject(""Page_order/a_Continue""))",Chrome 97.0.4692.71,,,2022-01-24 12:10:20,2022-01-24 12:10:24,4.259s,PASSED
delay(1),Chrome 97.0.4692.71,,,2022-01-24 12:10:24,2022-01-24 12:10:25,1.056s,PASSED
"click(findTestObject(""Page CreditCard/creditcard""))",Chrome 97.0.4692.71,,,2022-01-24 12:10:25,2022-01-24 12:10:26,0.684s,PASSED
delay(1),Chrome 97.0.4692.71,,,2022-01-24 12:10:26,2022-01-24 12:10:27,1.015s,PASSED
"click(findTestObject(""Page CreditCard/testback""))",Chrome 97.0.4692.71,,,2022-01-24 12:10:27,2022-01-24 12:10:27,0.643s,PASSED
