Suite/Test/Step Name,Browser,Description,Tag,Start time,End time,Duration,Status
03-Settingpage,Chrome 97.0.4692.71,,,2022-01-24 12:08:48,2022-01-24 12:09:12,23.875s,PASSED
,,,,,,,
Test Cases/Setting1,Chrome 97.0.4692.71,,,2022-01-24 12:08:48,2022-01-24 12:08:58,9.892s,PASSED
"openBrowser(""https://demo.midtrans.com/"")",Chrome 97.0.4692.71,,,2022-01-24 12:08:49,2022-01-24 12:08:53,3.886s,PASSED
"click(findTestObject(""Page_Cart/a_BUY NOW""))",Chrome 97.0.4692.71,,,2022-01-24 12:08:53,2022-01-24 12:08:54,0.719s,PASSED
"click(findTestObject(""Page_Cart/div_SETT""))",Chrome 97.0.4692.71,,,2022-01-24 12:08:54,2022-01-24 12:08:54,0.593s,PASSED
"click(findTestObject(""Page_Setting/detail""))",Chrome 97.0.4692.71,,,2022-01-24 12:08:54,2022-01-24 12:08:55,0.587s,PASSED
delay(2),Chrome 97.0.4692.71,,,2022-01-24 12:08:55,2022-01-24 12:08:57,2.055s,PASSED
"click(findTestObject(""Page_Setting/ceksettdirec""))",Chrome 97.0.4692.71,,,2022-01-24 12:08:57,2022-01-24 12:08:57,0.585s,PASSED
"click(findTestObject(""Page_Setting/ceksettpopup""))",Chrome 97.0.4692.71,,,2022-01-24 12:08:57,2022-01-24 12:08:58,0.407s,PASSED
"click(findTestObject(""Page_Setting/button cancle""))",Chrome 97.0.4692.71,,,2022-01-24 12:08:58,2022-01-24 12:08:58,0.424s,PASSED
,,,,,,,
Test Cases/Setting2,Chrome 97.0.4692.71,,,2022-01-24 12:08:58,2022-01-24 12:09:12,13.592s,PASSED
"openBrowser(""https://demo.midtrans.com/"")",Chrome 97.0.4692.71,,,2022-01-24 12:08:59,2022-01-24 12:09:02,2.833s,PASSED
"click(findTestObject(""Page_Cart/a_BUY NOW""))",Chrome 97.0.4692.71,,,2022-01-24 12:09:02,2022-01-24 12:09:02,0.651s,PASSED
for (def index : (1..1)),Chrome 97.0.4692.71,,,2022-01-24 12:09:02,2022-01-24 12:09:11,8.859s,PASSED
closeBrowser(),Chrome 97.0.4692.71,,,2022-01-24 12:09:11,2022-01-24 12:09:12,0.767s,PASSED
