Suite/Test/Step Name,Browser,Description,Tag,Start time,End time,Duration,Status
03-ShoppingCart,Chrome 97.0.4692.71,,,2022-01-24 12:06:16,2022-01-24 12:07:02,45.919s,PASSED
,,,,,,,
Test Cases/Cardnotpromo,Chrome 97.0.4692.71,,,2022-01-24 12:06:16,2022-01-24 12:06:32,16.169s,PASSED
"openBrowser(""https://demo.midtrans.com/"")",Chrome 97.0.4692.71,,,2022-01-24 12:06:17,2022-01-24 12:06:21,3.925s,PASSED
"click(findTestObject(""Page_Cart/a_BUY NOW""))",Chrome 97.0.4692.71,,,2022-01-24 12:06:21,2022-01-24 12:06:21,0.651s,PASSED
"click(findTestObject(""Page_Cart/div_CHECKOUT""))",Chrome 97.0.4692.71,,,2022-01-24 12:06:21,2022-01-24 12:06:22,0.606s,PASSED
"click(findTestObject(""Page_order/a_Continue""))",Chrome 97.0.4692.71,,,2022-01-24 12:06:22,2022-01-24 12:06:26,4.148s,PASSED
delay(1),Chrome 97.0.4692.71,,,2022-01-24 12:06:26,2022-01-24 12:06:27,1.046s,PASSED
"click(findTestObject(""Page CreditCard/creditcard""))",Chrome 97.0.4692.71,,,2022-01-24 12:06:27,2022-01-24 12:06:28,0.700s,PASSED
delay(1),Chrome 97.0.4692.71,,,2022-01-24 12:06:28,2022-01-24 12:06:29,1.007s,PASSED
"setText(findTestObject(""Page CreditCard/inputnumber""), ""4811 1111 1111 1114"")",Chrome 97.0.4692.71,,,2022-01-24 12:06:29,2022-01-24 12:06:30,0.864s,PASSED
"setText(findTestObject(""Page CreditCard/inputdate""), ""01/25"")",Chrome 97.0.4692.71,,,2022-01-24 12:06:30,2022-01-24 12:06:30,0.656s,PASSED
"setText(findTestObject(""Page CreditCard/inputcvv""), ""123"")",Chrome 97.0.4692.71,,,2022-01-24 12:06:30,2022-01-24 12:06:31,0.678s,PASSED
"click(findTestObject(""Page CreditCard/promomidtrans""))",Chrome 97.0.4692.71,,,2022-01-24 12:06:31,2022-01-24 12:06:32,0.611s,PASSED
"click(findTestObject(""Page CreditCard/a_Pay Now""))",Chrome 97.0.4692.71,,,2022-01-24 12:06:32,2022-01-24 12:06:32,0.596s,PASSED
,,,,,,,
Test Cases/Cartcancel,Chrome 97.0.4692.71,,,2022-01-24 12:06:32,2022-01-24 12:06:38,5.360s,PASSED
"openBrowser(""https://demo.midtrans.com/"")",Chrome 97.0.4692.71,,,2022-01-24 12:06:33,2022-01-24 12:06:36,3.026s,PASSED
"click(findTestObject(""Page_Cart/a_BUY NOW""))",Chrome 97.0.4692.71,,,2022-01-24 12:06:36,2022-01-24 12:06:36,0.632s,PASSED
"click(findTestObject(""Page_Cart/div_CANCEL""))",Chrome 97.0.4692.71,,,2022-01-24 12:06:36,2022-01-24 12:06:37,0.579s,PASSED
closeBrowser(),Chrome 97.0.4692.71,,,2022-01-24 12:06:37,2022-01-24 12:06:38,0.694s,PASSED
,,,,,,,
Test Cases/Cartcheckout,Chrome 97.0.4692.71,,,2022-01-24 12:06:38,2022-01-24 12:06:49,11.222s,PASSED
"openBrowser(""https://demo.midtrans.com/"")",Chrome 97.0.4692.71,,,2022-01-24 12:06:38,2022-01-24 12:06:40,2.181s,PASSED
"click(findTestObject(""Page_Cart/a_BUY NOW""))",Chrome 97.0.4692.71,,,2022-01-24 12:06:40,2022-01-24 12:06:41,0.656s,PASSED
"setText(findTestObject(""Page_Cart/textpillow""), ""5000"")",Chrome 97.0.4692.71,,,2022-01-24 12:06:41,2022-01-24 12:06:42,0.987s,PASSED
"setText(findTestObject(""Page_Cart/textbox""), ""Indah"")",Chrome 97.0.4692.71,,,2022-01-24 12:06:42,2022-01-24 12:06:43,0.952s,PASSED
"setText(findTestObject(""Page_Cart/textboxemail""), ""indah@gmail.com"")",Chrome 97.0.4692.71,,,2022-01-24 12:06:43,2022-01-24 12:06:44,0.777s,PASSED
"setText(findTestObject(""Page_Cart/textbox""), ""08567403403"")",Chrome 97.0.4692.71,,,2022-01-24 12:06:44,2022-01-24 12:06:44,0.732s,PASSED
"setText(findTestObject(""Page_Cart/textbox""), ""Malang"")",Chrome 97.0.4692.71,,,2022-01-24 12:06:44,2022-01-24 12:06:45,0.865s,PASSED
"setText(findTestObject(""Page_Cart/textarea_address""), ""Jl. Patimura"")",Chrome 97.0.4692.71,,,2022-01-24 12:06:45,2022-01-24 12:06:46,0.777s,PASSED
"setText(findTestObject(""Page_Cart/textbox""), ""1430"")",Chrome 97.0.4692.71,,,2022-01-24 12:06:46,2022-01-24 12:06:47,0.723s,PASSED
"click(findTestObject(""Page_Cart/div_CHECKOUT""))",Chrome 97.0.4692.71,,,2022-01-24 12:06:47,2022-01-24 12:06:47,0.421s,PASSED
delay(1),Chrome 97.0.4692.71,,,2022-01-24 12:06:47,2022-01-24 12:06:48,1.015s,PASSED
closeBrowser(),Chrome 97.0.4692.71,,,2022-01-24 12:06:48,2022-01-24 12:06:49,0.708s,PASSED
,,,,,,,
Test Cases/Carterror,Chrome 97.0.4692.71,,,2022-01-24 12:06:49,2022-01-24 12:07:02,12.751s,PASSED
"openBrowser(""https://demo.midtrans.com/"")",Chrome 97.0.4692.71,,,2022-01-24 12:06:49,2022-01-24 12:06:52,2.593s,PASSED
"click(findTestObject(""Page_Cart/a_BUY NOW""))",Chrome 97.0.4692.71,,,2022-01-24 12:06:52,2022-01-24 12:06:53,0.858s,PASSED
"setText(findTestObject(""Page_Cart/textpillow""), ""10"")",Chrome 97.0.4692.71,,,2022-01-24 12:06:53,2022-01-24 12:06:54,0.952s,PASSED
"setText(findTestObject(""Page_Cart/textbox""), ""jay"")",Chrome 97.0.4692.71,,,2022-01-24 12:06:54,2022-01-24 12:06:55,0.878s,PASSED
"setText(findTestObject(""Page_Cart/textboxemail""), ""yay"")",Chrome 97.0.4692.71,,,2022-01-24 12:06:55,2022-01-24 12:06:55,0.754s,PASSED
"setText(findTestObject(""Page_Cart/textbox""), ""021"")",Chrome 97.0.4692.71,,,2022-01-24 12:06:55,2022-01-24 12:06:56,0.728s,PASSED
"setText(findTestObject(""Page_Cart/textbox""), ""bandung"")",Chrome 97.0.4692.71,,,2022-01-24 12:06:56,2022-01-24 12:06:57,0.840s,PASSED
"setText(findTestObject(""Page_Cart/textarea_address""), ""jl jalan"")",Chrome 97.0.4692.71,,,2022-01-24 12:06:57,2022-01-24 12:06:58,0.758s,PASSED
"setText(findTestObject(""Page_Cart/textbox""), ""2210"")",Chrome 97.0.4692.71,,,2022-01-24 12:06:58,2022-01-24 12:06:58,0.710s,PASSED
"click(findTestObject(""Page_Cart/div_CHECKOUT""))",Chrome 97.0.4692.71,,,2022-01-24 12:06:58,2022-01-24 12:06:59,0.428s,PASSED
"click(findTestObject(""Page_Cart/formerror""), STOP_ON_FAILURE)",Chrome 97.0.4692.71,,,2022-01-24 12:06:59,2022-01-24 12:07:00,1.017s,PASSED
delay(1),Chrome 97.0.4692.71,,,2022-01-24 12:07:00,2022-01-24 12:07:01,1.017s,PASSED
closeBrowser(),Chrome 97.0.4692.71,,,2022-01-24 12:07:01,2022-01-24 12:07:02,0.739s,PASSED
